Position,PassRatio,EfgPct,ID,Name
PG,0.9792899408284024,0.43609022556390975,201935,James Harden
SG,0.9948519948519948,0.45,201976,Patrick Beverley
SF,0.9947916666666666,0.5,202718,Chandler Parsons
PF,0.9785794813979707,0.5471698113207547,2730,Dwight Howard
C,0.9816971713810316,0.48484848484848486,201600,Omer Asik